{
  "monday": ["HOLIDAY_MONDAY"],
  "tuesday": ["HOLIDAY_TUMMY"],
  "wednesday": ["HOLIDAY_WURMPLE"],
  "thursday": ["HOLIDAY_OOTT"],
  "friday": ["HOLIDAY_WEEKEND"],
  "saturday": ["HOLIDAY_CATURDAY"],
  "sunday": ["HOLIDAY_STROGANOFF"],

  "june": ["HOLIDAY_PRIDE"],

  "01-01": ["HOLIDAY_NEW_YEAR"],
  "01-05": ["HOLIDAY_BDAY_ROALD"],
  "02-22": ["HOLIDAY_CAT_JAPAN"],
  "02-28": ["HOLIDAY_BDAY_NINEPLUS"],
  "02-29": ["HOLIDAY_LEAP"],
  "03-07": ["HOLIDAY_BDAY_NANO"],
  "03-09": ["HOLIDAY_MIKU"],
  "03-10": ["HOLIDAY_BDAY_MIO"],
  "03-27": ["HOLIDAY_BDAY_LOLLY"],
  "03-31": ["HOLIDAY_TDOV"],
  "04-17": ["HOLIDAY_BDAY_SAKAMOTO"],
  "05-04": ["HOLIDAY_STAR_WARS"],
  "05-09": ["HOLIDAY_BDAY_KYOKO"],
  "06-06": ["HOLIDAY_BDAY_HAKASE"],
  "06-25": ["HOLIDAY_YURI"],
  "07-14": ["HOLIDAY_ENBY"],
  "08-01": ["HOLIDAY_YAOI"],
  "08-08": ["HOLIDAY_CAT_INTERNATIONAL"],
  "08-30": ["HOLIDAY_BDAY_HAZEL"],
  "09-09": ["HOLIDAY_CIRNO"],
  "11-07": ["HOLIDAY_KLADDKAKA"],
  "11-11": ["HOLIDAY_POCKY"],
  "12-03": ["HOLIDAY_BDAY_QUARKY"]
}
